article_link,authors,pdf_link,publication_time,snippet,title
https://link.springer.com/article/10.1007/s10994-022-06173-0,"Guilherme Ramos, Ludovico Boratto, Mirko Marras",https://link.springer.com/content/pdf/10.1007%2Fs10994-022-06173-0.pdf,June 2022,"Ranking systems have an unprecedented influence on how and what information people access, and their impact on our society is being analyzed from different perspectives, such as users’ discrimination. A notabl...",Robust reputation independence in ranking systems for multiple sensitive attributes
https://link.springer.com/article/10.1007/s10994-022-06179-8,"Dimitris Bertsimas, Alex Paskov",https://link.springer.com/content/pdf/10.1007%2Fs10994-022-06179-8.pdf,June 2022,"We address the problem of interpretability in iterative game solving for imperfect-information games such as poker. This lack of interpretability has two main sources: first, the use of an uninterpretable feat...",World-class interpretable poker
https://link.springer.com/article/10.1007/s10994-021-06033-3,"Alberto Maria Metelli, Guglielmo Manneschi, Marcello Restelli",https://link.springer.com/content/pdf/10.1007%2Fs10994-021-06033-3.pdf,June 2022,"We study the problem of identifying the policy space available to an agent in a learning process, having access to a set of demonstrations generated by the agent playing the optimal policy in the considered sp...",Policy space identification in configurable environments
https://link.springer.com/article/10.1007/s10994-022-06143-6,"Floris den Hengst, Vincent François-Lavet, Mark Hoogendoorn",https://link.springer.com/content/pdf/10.1007%2Fs10994-022-06143-6.pdf,June 2022,"Deep reinforcement learning (DRL) has shown remarkable success in artificial domains and in some real-world applications. However, substantial challenges remain such as learning efficiently under safety constr...",Planning for potential: efficient safe reinforcement learning
https://link.springer.com/article/10.1007/s10994-021-06115-2,"Tilmann Gneiting, Peter Vogel",https://link.springer.com/content/pdf/10.1007%2Fs10994-021-06115-2.pdf,June 2022,"Receiver operating characteristic (ROC) curves are used ubiquitously to evaluate scores, features, covariates or markers as potential predictors in binary problems. We characterize ROC curves from a probabilis...","Receiver operating characteristic (ROC) curves: equivalences, beta model, and minimum distance estimation"
https://link.springer.com/article/10.1007/s10994-021-06099-z,"Tuan Pham, Daniel Kottke, Georg Krempl, Bernhard Sick",https://link.springer.com/content/pdf/10.1007%2Fs10994-021-06099-z.pdf,June 2022,"Stream-based active learning (AL) strategies minimize the labeling effort by querying labels that improve the classifier’s performance the most. So far, these strategies neglect the fact that an oracle or expe...",Stream-based active learning for sliding windows under the influence of verification latency
https://link.springer.com/article/10.1007/s10994-022-06153-4,"Fabrizio Angiulli, Fabio Fassetti, Luca Ferragina",https://link.springer.com/content/pdf/10.1007%2Fs10994-022-06153-4.pdf,May 2022,"Anomaly detection methods exploiting autoencoders (AE) have shown good performances. Unfortunately, deep non-linear architectures are able to perform high dimensionality reduction while keeping reconstruction ...",: an unsupervised deep anomaly detection approach exploiting latent space distribution
https://link.springer.com/article/10.1007/s10994-022-06180-1,"S. Patsantzis, S. H. Muggleton",https://link.springer.com/content/pdf/10.1007%2Fs10994-022-06180-1.pdf,May 2022,,Correction to: Meta-interpretive learning as metarule specialisation
https://link.springer.com/article/10.1007/s10994-022-06150-7,"Orestis Lampridis, Laura State, Riccardo Guidotti, Salvatore Ruggieri",https://link.springer.com/content/pdf/10.1007%2Fs10994-022-06150-7.pdf,May 2022,We present,Explaining short text classification with diverse synthetic exemplars and counter-exemplars
https://link.springer.com/article/10.1007/s10994-022-06130-x,"H. Falciani, E. A. Sánchez-Pérez",https://link.springer.com/content/pdf/10.1007%2Fs10994-022-06130-x.pdf,May 2022,Consider a directed tree,Semi-Lipschitz functions and machine learning for discrete dynamical systems on graphs
https://link.springer.com/article/10.1007/s10994-021-06048-w,"Johannes Rabold, Michael Siebers, Ute Schmid",https://link.springer.com/content/pdf/10.1007%2Fs10994-021-06048-w.pdf,May 2022,"In recent research, human-understandable explanations of machine learning models have received a lot of attention. Often explanations are given in form of model simplifications or visualizations. However, as s...",Generating contrastive explanations for inductive logic programming based on a near miss approach
https://link.springer.com/article/10.1007/s10994-022-06145-4,"Jireh Huang, Qing Zhou",https://link.springer.com/content/pdf/10.1007%2Fs10994-022-06145-4.pdf,May 2022,"We develop a novel hybrid method for Bayesian network structure learning called partitioned hybrid greedy search (pHGS), composed of three distinct yet compatible new algorithms: Partitioned PC (pPC) accelerat...",Partitioned hybrid learning of Bayesian network structures
https://link.springer.com/article/10.1007/s10994-022-06167-y,"Rick Wilming, Céline Budding, Klaus-Robert Müller, Stefan Haufe",https://link.springer.com/content/pdf/10.1007%2Fs10994-022-06167-y.pdf,May 2022,"Machine learning (ML) is increasingly often used to inform high-stakes decisions. As complex ML models (e.g., deep neural networks) are often considered black boxes, a wealth of procedures has been developed t...",Scrutinizing XAI using linear ground-truth data with suppressor variables
https://link.springer.com/article/10.1007/s10994-022-06172-1,"Arthur Leroy, Pierre Latouche, Benjamin Guedj, Servane Gey",https://link.springer.com/content/pdf/10.1007%2Fs10994-022-06172-1.pdf,May 2022,"A novel multi-task Gaussian process (GP) framework is proposed, by using a common mean process for sharing information across tasks. In particular, we investigate the problem of time series forecasting, with t...",MAGMA: inference and prediction using multi-task Gaussian processes with common mean
https://link.springer.com/article/10.1007/s10994-021-06068-6,"Wei Huang, Xingyu Zhao, Xiaowei Huang",https://link.springer.com/content/pdf/10.1007%2Fs10994-021-06068-6.pdf,May 2022,"The embedding and extraction of knowledge is a recent trend in machine learning applications, e.g., to supplement training datasets that are small. Whilst, as the increasing use of machine learning models in s...",Embedding and extraction of knowledge in tree ensemble classifiers
https://link.springer.com/article/10.1007/s10994-021-06094-4,"Zhuoer Xu, Guanghui Zhu, Chunfeng Yuan, Yihua Huang",https://link.springer.com/content/pdf/10.1007%2Fs10994-021-06094-4.pdf,May 2022,"Decision trees have favorable properties, including interpretability, high computational efficiency, and the ability to learn from little training data. Learning a decision tree is known to be NP-complete. The...",One-Stage Tree: end-to-end tree builder and pruner
https://link.springer.com/article/10.1007/s10994-021-06125-0,Daniel Bakkelund,https://link.springer.com/content/pdf/10.1007%2Fs10994-021-06125-0.pdf,May 2022,Partial orders and directed acyclic graphs are commonly recurring data structures that arise naturally in numerous domains and applications and are used to represent ordered relations between entities in the d...,Order preserving hierarchical agglomerative clustering
https://link.springer.com/article/10.1007/s10994-022-06158-z,"Ioulia Karagiannaki, Krystallia Gourlia, Vincenzo Lagani",https://link.springer.com/content/pdf/10.1007%2Fs10994-022-06158-z.pdf,April 2022,"Molecular gene-expression datasets consist of samples with tens of thousands of measured quantities (i.e., high dimensional data). However, lower-dimensional representations that retain the useful biological i...",Learning biologically-interpretable latent representations for gene expression data
https://link.springer.com/article/10.1007/s10994-022-06131-w,"Till Hendrik Schulz, Tamás Horváth, Pascal Welke, Stefan Wrobel",https://link.springer.com/content/pdf/10.1007%2Fs10994-022-06131-w.pdf,April 2022,"After more than one decade, Weisfeiler-Lehman graph kernels are still among the most prevalent graph kernels due to their remarkable predictive performance and time complexity. They are based on a fast iterati...",A generalized Weisfeiler-Lehman graph kernel
https://link.springer.com/article/10.1007/s10994-022-06161-4,"Alexander Tornede, Lukas Gehring, Tanja Tornede, Marcel Wever",https://link.springer.com/content/pdf/10.1007%2Fs10994-022-06161-4.pdf,April 2022,"The problem of selecting an algorithm that appears most suitable for a specific instance of an algorithmic problem class, such as the Boolean satisfiability problem, is called instance-specific algorithm selec...",Algorithm selection on a meta level
https://link.springer.com/article/10.1007/s10994-022-06156-1,"S. Patsantzis, S. H. Muggleton",https://link.springer.com/content/pdf/10.1007%2Fs10994-022-06156-1.pdf,April 2022,"In Meta-interpretive learning (MIL) the metarules, second-order datalog clauses acting as inductive bias, are manually defined by the user. In this work we show that second-order metarules for MIL can be learn...",Meta-interpretive learning as metarule specialisation
https://link.springer.com/article/10.1007/s10994-022-06160-5,"Nuttapong Chairatanakul, Xin Liu, Nguyen Thai Hoang, Tsuyoshi Murata",https://link.springer.com/content/pdf/10.1007%2Fs10994-022-06160-5.pdf,April 2022,"There has been an increasing interest in developing embedding methods for heterogeneous graph-structured data. The state-of-the-art approaches often adopt a bi-level aggregation scheme, where the first level a...",Heterogeneous graph embedding with single-level aggregation and infomax encoding
https://link.springer.com/article/10.1007/s10994-021-06109-0,"András Hajdu, György Terdik, Attila Tiba, Henrietta Tomán",https://link.springer.com/content/pdf/10.1007%2Fs10994-021-06109-0.pdf,April 2022,"Ensemble-based methods are highly popular approaches that increase the accuracy of a decision by aggregating the opinions of individual voters. The common point is to maximize accuracy; however, a natural limi...",A stochastic approach to handle resource constraints as knapsack problems in ensemble pruning
https://link.springer.com/article/10.1007/s10994-022-06142-7,"Ludovico Mitchener, David Tuckey, Matthew Crosby, Alessandra Russo",https://link.springer.com/content/pdf/10.1007%2Fs10994-022-06142-7.pdf,April 2022,"In this paper we introduce Detect, Understand, Act (DUA), a neuro-symbolic reinforcement learning framework. The Detect component is composed of a traditional computer vision object detector and tracker. The A...","Detect, Understand, Act: A Neuro-symbolic Hierarchical Reinforcement Learning Framework"
https://link.springer.com/article/10.1007/s10994-022-06129-4,"Dennis Bäßler, Tobias Kortus, Gabriele Gühring",https://link.springer.com/content/pdf/10.1007%2Fs10994-022-06129-4.pdf,April 2022,"With the increasing demand for digital products, processes and services the research area of automatic detection of signal outliers in streaming data has gained a lot of attention. The range of possible applic...",Unsupervised anomaly detection in multivariate time series with online evolving spiking neural networks
https://link.springer.com/article/10.1007/s10994-021-06117-0,"Dimitris Bertsimas, Jack Dunn, Emma Gibson, Agni Orfanoudaki",https://link.springer.com/content/pdf/10.1007%2Fs10994-021-06117-0.pdf,April 2022,Tree-based models are increasingly popular due to their ability to identify complex relationships that are beyond the scope of parametric models. Survival tree methods adapt these models to allow for the analy...,Optimal survival trees
https://link.springer.com/article/10.1007/s10994-022-06146-3,"Alice Tarzariol, Martin Gebser, Konstantin Schekotihin",https://link.springer.com/content/pdf/10.1007%2Fs10994-022-06146-3.pdf,April 2022,Efficient omission of symmetric solution candidates is essential for combinatorial problem-solving. Most of the existing approaches are instance-specific and focus on the automatic computation of Symmetry Brea...,Lifting symmetry breaking constraints with inductive logic programming
https://link.springer.com/article/10.1007/s10994-022-06149-0,"Adrian Englhardt, Holger Trittenbach, Daniel Kottke, Bernhard Sick",https://link.springer.com/content/pdf/10.1007%2Fs10994-022-06149-0.pdf,April 2022,"Support Vector Data Description (SVDD) is a popular one-class classifier for anomaly and novelty detection. But despite its effectiveness, SVDD does not scale well with data size. To avoid prohibitive training...",Efficient SVDD sampling with approximation guarantees for the decision boundary
https://link.springer.com/article/10.1007/s10994-022-06144-5,"Lionel Blondé, Pablo Strasser, Alexandros Kalousis",https://link.springer.com/content/pdf/10.1007%2Fs10994-022-06144-5.pdf,April 2022,"Despite the recent success of reinforcement learning in various domains, these approaches remain, for the most part, deterringly sensitive to hyper-parameters and are often riddled with essential engineering f...",Lipschitzness is all you need to tame off-policy generative adversarial imitation learning
https://link.springer.com/article/10.1007/s10994-022-06157-0,"Johannes Schneider, Michalis Vlachos",https://link.springer.com/content/pdf/10.1007%2Fs10994-022-06157-0.pdf,March 2022,Interpreting a large number of neurons in deep learning is difficult. Our proposed ‘CLAssifier-DECoder’ architecture (,Explaining classifiers by constructing familiar concepts
https://link.springer.com/article/10.1007/s10994-022-06162-3,"Eneldo Loza Mencía, Moritz Kulessa, Simon Bohlender, Johannes Fürnkranz",https://link.springer.com/content/pdf/10.1007%2Fs10994-022-06162-3.pdf,March 2022,"Classifier chains are an effective technique for modeling label dependencies in multi-label classification. However, the method requires a fixed, static order of the labels. While in theory, any order is suffi...",Tree-based dynamic classifier chains
https://link.springer.com/article/10.1007/s10994-022-06155-2,"Jure Brence, Jovan Tanevski, Jennifer Adams, Edward Malina",https://link.springer.com/content/pdf/10.1007%2Fs10994-022-06155-2.pdf,March 2022,"Inversion of radiative transfer models (RTMs) is key to interpreting satellite observations of air quality and greenhouse gases, but is computationally expensive. Surrogate models that emulate the full forward...",Surrogate models of radiative transfer codes for atmospheric trace gas retrievals from satellite observations
https://link.springer.com/article/10.1007/s10994-022-06138-3,"Chaojie Wang, Jin Du, Xiaodan Fan",https://link.springer.com/content/pdf/10.1007%2Fs10994-022-06138-3.pdf,March 2022,High-dimensional covariance matrix estimation plays a central role in multivariate statistical analysis. It is well-known that the sample covariance matrix is singular when the sample size is smaller than the ...,High-dimensional correlation matrix estimation for general continuous data with Bagging technique
https://link.springer.com/article/10.1007/s10994-022-06132-9,"Aleksei Kuvshinov, Stephan Günnemann",https://link.springer.com/content/pdf/10.1007%2Fs10994-022-06132-9.pdf,March 2022,Neural networks are known to be sensitive to adversarial perturbations. To investigate this undesired behavior we consider the problem of computing the distance to the decision boundary (DtDB) from a given sam...,Robustness verification of ReLU networks via quadratic programming
https://link.springer.com/article/10.1007/s10994-021-06080-w,"Changjian Shui, Boyu Wang, Christian Gagné",https://link.springer.com/content/pdf/10.1007%2Fs10994-021-06080-w.pdf,March 2022,A crucial aspect of reliable machine learning is to design a deployable system for generalizing new related but unobserved environments. Domain generalization aims to alleviate such a prediction gap between th...,On the benefits of representation regularization in invariance based domain generalization
https://link.springer.com/article/10.1007/s10994-021-06079-3,"Shogo Hayashi, Junya Honda, Hisashi Kashima",https://link.springer.com/content/pdf/10.1007%2Fs10994-021-06079-3.pdf,March 2022,"Bayesian optimization (BO) is an approach to optimizing an expensive-to-evaluate black-box function and sequentially determines the values of input variables to evaluate the function. However, it is expensive ...",Bayesian optimization with partially specified queries
https://link.springer.com/article/10.1007/s10994-021-06120-5,"Daniel J. Fremont, Edward Kim, Tommaso Dreossi, Shromona Ghosh",https://link.springer.com/content/pdf/10.1007%2Fs10994-021-06120-5.pdf,February 2022,"We propose a new probabilistic programming language for the design and analysis of cyber-physical systems, especially those based on machine learning. We consider several problems arising in the design process...",Scenic: a language for scenario specification and data generation
https://link.springer.com/article/10.1007/s10994-021-06116-1,"Ozsel Kilinc, Giovanni Montana",https://link.springer.com/content/pdf/10.1007%2Fs10994-021-06116-1.pdf,February 2022,"Mastering robotic manipulation skills through reinforcement learning (RL) typically requires the design of shaped reward functions. Recent developments in this area have demonstrated that using sparse rewards,...",Reinforcement learning for robotic manipulation using simulated locomotion demonstrations
https://link.springer.com/article/10.1007/s10994-021-06107-2,"Eyke Hüllermeier, Marcel Wever, Eneldo Loza Mencia, Johannes Fürnkranz",https://link.springer.com/content/pdf/10.1007%2Fs10994-021-06107-2.pdf,February 2022,"The idea to exploit label dependencies for better prediction is at the core of methods for multi-label classification (MLC), and performance improvements are normally explained in this way. Surprisingly, howev...",A flexible class of dependence-aware multi-label loss functions
https://link.springer.com/article/10.1007/s10994-021-06044-0,"Yulong Pei, Tianjin Huang, Werner van Ipenburg, Mykola Pechenizkiy",https://link.springer.com/content/pdf/10.1007%2Fs10994-021-06044-0.pdf,February 2022,Effectively detecting anomalous nodes in attributed networks is crucial for the success of many real-world applications such as fraud and intrusion detection. Existing approaches have difficulties with three m...,ResGCN: attention-based deep residual modeling for anomaly detection on attributed networks
https://link.springer.com/article/10.1007/s10994-021-06051-1,"Bernat Coma-Puig, Josep Carmona",https://link.springer.com/content/pdf/10.1007%2Fs10994-021-06051-1.pdf,February 2022,"Non-technical losses (NTL) is a problem that many utility companies try to solve, often using black-box supervised classification algorithms. In general, this approach achieves good results. However, in practi...",Non-technical losses detection in energy consumption focusing on energy recovery and explainability
https://link.springer.com/article/10.1007/s10994-021-06108-1,"Dimosthenis Pasadakis, Christie Louis Alappat, Olaf Schenk",https://link.springer.com/content/pdf/10.1007%2Fs10994-021-06108-1.pdf,February 2022,Nonlinear reformulations of the spectral clustering method have gained a lot of recent attention due to their increased numerical benefits and their solid mathematical background. We present a novel direct mul...,Multiway 
https://link.springer.com/article/10.1007/s10994-021-06122-3,Tino Werner,https://link.springer.com/content/pdf/10.1007%2Fs10994-021-06122-3.pdf,February 2022,"Ranking problems, also known as preference learning problems, define a widely spread class of statistical learning problems with many applications, including fraud detection, document ranking, medicine, chemis...",A review on instance ranking problems in statistical learning
https://link.springer.com/article/10.1007/s10994-021-06127-y,"Markus Viljanen, Antti Airola, Tapio Pahikkala",https://link.springer.com/content/pdf/10.1007%2Fs10994-021-06127-y.pdf,February 2022,Pairwise learning corresponds to the supervised learning setting where the goal is to make predictions for pairs of objects. Prominent applications include predicting drug-target or protein-protein interaction...,Generalized vec trick for fast learning of pairwise kernel models
https://link.springer.com/article/10.1007/s10994-021-05988-7,"Hansi Hettiarachchi, Mariam Adedoyin-Olowe, Jagdev Bhogal",https://link.springer.com/content/pdf/10.1007%2Fs10994-021-05988-7.pdf,January 2022,"Social media is becoming a primary medium to discuss what is happening around the world. Therefore, the data generated by social media platforms contain rich information which describes the ongoing events. Fur...",Embed2Detect: temporally clustered embedded words for event detection in social media
https://link.springer.com/article/10.1007/s10994-021-05998-5,"Blaž Škrlj, Sašo Džeroski, Nada Lavrač, Matej Petković",https://link.springer.com/content/pdf/10.1007%2Fs10994-021-05998-5.pdf,January 2022,Feature ranking has been widely adopted in machine learning applications such as high-throughput biology and social sciences. The approaches of the popular Relief family of algorithms assign importances to fea...,ReliefE: feature ranking in high-dimensional spaces via manifold embeddings
https://link.springer.com/article/10.1007/s10994-021-06003-9,"Vu-Linh Nguyen, Mohammad Hossein Shaker, Eyke Hüllermeier",https://link.springer.com/content/pdf/10.1007%2Fs10994-021-06003-9.pdf,January 2022,"Various strategies for active learning have been proposed in the machine learning literature. In uncertainty sampling, which is among the most popular approaches, the active learner sequentially queries the la...",How to measure uncertainty in uncertainty sampling for active learning
https://link.springer.com/article/10.1007/s10994-021-06089-1,"Andrew Cropper, Sebastijan Dumančić, Richard Evans",https://link.springer.com/content/pdf/10.1007%2Fs10994-021-06089-1.pdf,January 2022,Inductive logic programming (ILP) is a form of logic-based machine learning. The goal is to induce a hypothesis (a logic program) that generalises given training examples and background knowledge. As ILP turns...,Inductive logic programming at 30
https://link.springer.com/article/10.1007/s10994-021-06063-x,"Zahra Atashgahi, Ghada Sokar, Tim van der Lee, Elena Mocanu",https://link.springer.com/content/pdf/10.1007%2Fs10994-021-06063-x.pdf,January 2022,"Major complications arise from the recent increase in the amount of high-dimensional data, including high computational costs and memory requirements. Feature selection, which identifies the most relevant and ...",Quick and robust feature selection: the strength of energy-efficient sparse training for autoencoders
https://link.springer.com/article/10.1007/s10994-021-05957-0,"Guangyuan Gao, He Wang, Mario V. Wüthrich",https://link.springer.com/content/pdf/10.1007%2Fs10994-021-05957-0.pdf,January 2022,"With the emergence of telematics car driving data, insurance companies have started to boost classical actuarial regression models for claim frequency prediction with telematics car driving information. In thi...",Boosting Poisson regression models with telematics car driving data
https://link.springer.com/article/10.1007/s10994-021-06084-6,Nikolaj Tatti,https://link.springer.com/content/pdf/10.1007%2Fs10994-021-06084-6.pdf,December 2021,"Measuring the performance of a classifier is a vital task in machine learning. The running time of an algorithm that computes the measure plays a very small role in an offline setting, for example, when the cl...",Maintaining AUC and 
https://link.springer.com/article/10.1007/s10994-021-06069-5,"Sriram Srinivasan, Charles Dickens, Eriq Augustine, Golnoosh Farnadi",https://link.springer.com/content/pdf/10.1007%2Fs10994-021-06069-5.pdf,December 2021,Statistical relational learning (SRL) frameworks are effective at defining probabilistic models over complex relational data. They often use weighted first-order logical rules where the weights of the rules go...,A taxonomy of weight learning methods for statistical relational learning
https://link.springer.com/article/10.1007/s10994-021-06114-3,"Tilmann Gneiting, Eva-Maria Walz",https://link.springer.com/content/pdf/10.1007%2Fs10994-021-06114-3.pdf,December 2021,"Throughout science and technology, receiver operating characteristic (ROC) curves and associated area under the curve (","Receiver operating characteristic (ROC) movies, universal ROC (UROC) curves, and coefficient of predictive ability (CPA)"
https://link.springer.com/article/10.1007/s10994-021-06057-9,"Matthew Middlehurst, James Large, Michael Flynn, Jason Lines",https://link.springer.com/content/pdf/10.1007%2Fs10994-021-06057-9.pdf,December 2021,The Hierarchical Vote Collective of Transformation-based Ensembles (HIVE-COTE) is a heterogeneous meta ensemble for time series classification. HIVE-COTE forms its ensemble from classifiers of multiple domains...,HIVE-COTE 2.0: a new meta ensemble for time series classification
https://link.springer.com/article/10.1007/s10994-021-06012-8,"Michał Koziarski, Colin Bellinger, Michał Woźniak",https://link.springer.com/content/pdf/10.1007%2Fs10994-021-06012-8.pdf,December 2021,"Real-world classification domains, such as medicine, health and safety, and finance, often exhibit imbalanced class priors and have asynchronous misclassification costs. In such cases, the classification model...",RB-CCR: Radial-Based Combined Cleaning and Resampling algorithm for imbalanced data classification
https://link.springer.com/article/10.1007/s10994-021-06039-x,"Alessio Benavoli, Dario Azzimonti, Dario Piga",https://link.springer.com/content/pdf/10.1007%2Fs10994-021-06039-x.pdf,December 2021,Skew-Gaussian Processes (SkewGPs) extend the multivariate Unified Skew-Normal distributions over finite dimensional vectors to distribution over functions. SkewGPs are more general and flexible than Gaussian p...,"A unified framework for closed-form nonparametric regression, classification, preference and mixed problems with Skew Gaussian Processes"
https://link.springer.com/article/10.1007/s10994-021-06067-7,"Robert Hu, Geoff K. Nicholls, Dino Sejdinovic",https://link.springer.com/content/pdf/10.1007%2Fs10994-021-06067-7.pdf,November 2021,We outline an inherent flaw of tensor factorization models when latent factors are expressed as a function of side information and propose a novel method to mitigate this. We coin our methodology,Large scale tensor regression using kernels and variational inference
https://link.springer.com/article/10.1007/s10994-020-05917-0,"Bo Kang, Darío García García, Jefrey Lijffijt, Raúl Santos-Rodríguez",https://link.springer.com/content/pdf/10.1007%2Fs10994-020-05917-0.pdf,October 2021,Dimensionality reduction and manifold learning methods such as t-distributed stochastic neighbor embedding (t-SNE) are frequently used to map high-dimensional data into a two-dimensional space to visualize and...,Conditional t-SNE: more informative t-SNE embeddings
https://link.springer.com/article/10.1007/s10994-021-05984-x,"Stav Belogolovsky, Philip Korsunsky, Shie Mannor, Chen Tessler",https://link.springer.com/content/pdf/10.1007%2Fs10994-021-05984-x.pdf,September 2021,"We consider the task of Inverse Reinforcement Learning in Contextual Markov Decision Processes (MDPs). In this setting, contexts, which define the reward and transition kernel, are sampled from a distribution....",Inverse reinforcement learning in contextual MDPs
https://link.springer.com/article/10.1007/s10994-021-05963-2,"Julian Skirzyński, Frederic Becker, Falk Lieder",https://link.springer.com/content/pdf/10.1007%2Fs10994-021-05963-2.pdf,September 2021,"When making decisions, people often overlook critical information or are overly swayed by irrelevant information. A common approach to mitigate these biases is to provide decision-makers, especially profession...",Automatic discovery of interpretable planning strategies
https://link.springer.com/article/10.1007/s10994-021-06006-6,"Srivatsan Krishnan, Behzad Boroujerdian, William Fu, Aleksandra Faust",https://link.springer.com/content/pdf/10.1007%2Fs10994-021-06006-6.pdf,September 2021,"We introduce Air Learning, an open-source simulator, and a gym environment for deep reinforcement learning research on resource-constrained aerial robots. Equipped with domain randomization, Air Learning expos...",Air Learning: a deep reinforcement learning gym for autonomous aerial robot visual navigation
https://link.springer.com/article/10.1007/s10994-020-05939-8,"Amarildo Likmeta, Alberto Maria Metelli, Giorgia Ramponi",https://link.springer.com/content/pdf/10.1007%2Fs10994-020-05939-8.pdf,September 2021,"In real-world applications, inferring the intentions of expert agents (e.g., human operators) can be fundamental to understand how possibly conflicting objectives are managed, helping to interpret the demonstr...",Dealing with multiple experts and non-stationarity in inverse reinforcement learning: an application to real-life problems
https://link.springer.com/article/10.1007/s10994-021-05982-z,"Josiah P. Hanna, Siddharth Desai, Haresh Karnan, Garrett Warnell",https://link.springer.com/content/pdf/10.1007%2Fs10994-021-05982-z.pdf,September 2021,"Reinforcement learning in simulation is a promising alternative to the prohibitive sample cost of reinforcement learning in the physical world. Unfortunately, policies learned in simulation often perform worse...",Grounded action transformation for sim-to-real reinforcement learning
https://link.springer.com/article/10.1007/s10994-021-06043-1,"Pavlin G. Poličar, Martin Stražar, Blaž Zupan",https://link.springer.com/content/pdf/10.1007%2Fs10994-021-06043-1.pdf,August 2021,"Dimensionality reduction techniques, such as t-SNE, can construct informative visualizations of high-dimensional data. When jointly visualising multiple data sets, a straightforward application of these method...",Embedding to reference t-SNE space addresses batch effects in single-cell classification
https://link.springer.com/article/10.1007/s10994-021-06021-7,"Avgoustinos Vouros, Stephen Langdell, Mike Croucher, Eleni Vasilaki",https://link.springer.com/content/pdf/10.1007%2Fs10994-021-06021-7.pdf,August 2021,K-Means is one of the most used algorithms for data clustering and the usual clustering method for benchmarking. Despite its wide application it is well-known that it suffers from a series of disadvantages; it...,An empirical comparison between stochastic and deterministic centroid initialisation for K-means variations
https://link.springer.com/article/10.1007/s10994-021-06031-5,"Kai Chen, Twan van Laarhoven, Elena Marchiori",https://link.springer.com/content/pdf/10.1007%2Fs10994-021-06031-5.pdf,August 2021,"Long-term forecasting involves predicting a horizon that is far ahead of the last observation. It is a problem of high practical relevance, for instance for companies in order to decide upon expensive long-ter...",Gaussian processes with skewed Laplace spectral mixture kernels for long-term forecasting
https://link.springer.com/article/10.1007/s10994-021-06022-6,"Rilwan A. Adewoyin, Peter Dueben, Peter Watson, Yulan He",https://link.springer.com/content/pdf/10.1007%2Fs10994-021-06022-6.pdf,August 2021,"Climate models (CM) are used to evaluate the impact of climate change on the risk of floods and heavy precipitation events. However, these numerical simulators produce outputs with low spatial resolution that ...",TRU-NET: a deep learning approach to high resolution prediction of rainfall
https://link.springer.com/article/10.1007/s10994-021-06032-4,"Kei Akuzawa, Yusuke Iwasawa, Yutaka Matsuo",https://link.springer.com/content/pdf/10.1007%2Fs10994-021-06032-4.pdf,August 2021,Sequential variational autoencoders (VAEs) with a global latent variable,Information-theoretic regularization for learning global features by sequential VAE
https://link.springer.com/article/10.1007/s10994-021-06037-z,"Riad Akrour, Asma Atamna, Jan Peters",https://link.springer.com/content/pdf/10.1007%2Fs10994-021-06037-z.pdf,August 2021,"Convex optimizers have known many applications as differentiable layers within deep neural architectures. One application of these convex layers is to project points into a convex set. However, both forward an...",Convex optimization with an interpolation-based projection and its application to deep learning
https://link.springer.com/article/10.1007/s10994-021-06023-5,"Michael Steininger, Konstantin Kobs, Padraig Davidson, Anna Krause",https://link.springer.com/content/pdf/10.1007%2Fs10994-021-06023-5.pdf,August 2021,"In many real world settings,
       imbalanced data impedes model performance of learning algorithms, like neural networks, mostly for rare cases. This is especially problematic for tasks focusing on these rare occu...",Density-based weighting for imbalanced regression
https://link.springer.com/article/10.1007/s10994-021-06030-6,"David S. Watson, Marvin N. Wright",https://link.springer.com/content/pdf/10.1007%2Fs10994-021-06030-6.pdf,August 2021,"We propose the conditional predictive impact (CPI), a consistent and unbiased estimator of the association between one or several features and a given outcome, conditional on a reduced feature set. Building on...",Testing conditional independence in supervised learning algorithms
https://link.springer.com/article/10.1007/s10994-021-06026-2,"Björn Haddenhorst, Viktor Bengs, Eyke Hüllermeier",https://link.springer.com/content/pdf/10.1007%2Fs10994-021-06026-2.pdf,August 2021,The efficiency of state-of-the-art algorithms for the dueling bandits problem is essentially due to a clever exploitation of (stochastic) transitivity properties of pairwise comparisons: If one arm is likely t...,On testing transitivity in online preference learning
https://link.springer.com/article/10.1007/s10994-021-05976-x,"Giorgio Gnecco, Federico Nutarelli, Daniela Selvi",https://link.springer.com/content/pdf/10.1007%2Fs10994-021-05976-x.pdf,July 2021,"This work belongs to the strand of literature that combines machine learning, optimization, and econometrics. The aim is to optimize the data collection process in a specific statistical model, commonly used i...",Optimal data collection design in machine learning: the case of the fixed effects generalized least squares panel data model
https://link.springer.com/article/10.1007/s10994-021-06015-5,"Ahcène Boubekki, Michael Kampffmeyer, Ulf Brefeld, Robert Jenssen",https://link.springer.com/content/pdf/10.1007%2Fs10994-021-06015-5.pdf,July 2021,Deep embedded clustering has become a dominating approach to unsupervised categorization of objects with deep neural networks. The optimization of the most popular methods alternates between the training of a ...,Joint optimization of an autoencoder for clustering and embedding
https://link.springer.com/article/10.1007/s10994-021-06013-7,"Daniele Meli, Mohan Sridharan, Paolo Fiorini",https://link.springer.com/content/pdf/10.1007%2Fs10994-021-06013-7.pdf,July 2021,The quality of robot-assisted surgery can be improved and the use of hospital resources can be optimized by enhancing autonomy and reliability in the robot’s operation. Logic programming is a good choice for t...,Inductive learning of answer set programs for autonomous surgical task planning
https://link.springer.com/article/10.1007/s10994-021-06016-4,"Arnaud Nguembang Fadja, Fabrizio Riguzzi, Evelina Lamma",https://link.springer.com/content/pdf/10.1007%2Fs10994-021-06016-4.pdf,July 2021,"Probabilistic logic programming (PLP) combines logic programs and probabilities. Due to its expressiveness and simplicity, it has been considered as a powerful tool for learning and reasoning in relational dom...",Learning hierarchical probabilistic logic programs
https://link.springer.com/article/10.1007/s10994-021-05997-6,"Jiaoyan Chen, Pan Hu, Ernesto Jimenez-Ruiz, Ole Magnus Holter",https://link.springer.com/content/pdf/10.1007%2Fs10994-021-05997-6.pdf,July 2021,"Semantic embedding of knowledge graphs has been widely studied and used for prediction and statistical analysis tasks across various domains such as Natural Language Processing and the Semantic Web. However, l...",: embedding of OWL ontologies
https://link.springer.com/article/10.1007/s10994-021-06007-5,"Varun Embar, Sriram Srinivasan, Lise Getoor",https://link.springer.com/content/pdf/10.1007%2Fs10994-021-06007-5.pdf,July 2021,"Statistical relational learning (SRL) and graph neural networks (GNNs) are two powerful approaches for learning and inference over graphs. Typically, they are evaluated in terms of simple metrics such as accur...",A comparison of statistical relational learning and graph neural networks for aggregate graph queries
https://link.springer.com/article/10.1007/s10994-021-06019-1,"Felix Berkenkamp, Andreas Krause, Angela P. Schoellig",https://link.springer.com/content/pdf/10.1007%2Fs10994-021-06019-1.pdf,June 2021,"Selecting the right tuning parameters for algorithms is a pravelent problem in machine learning that can significantly affect the performance of algorithms. Data-efficient optimization algorithms, such as Baye...",Bayesian optimization with safety constraints: safe and automatic parameter tuning in robotics
https://link.springer.com/article/10.1007/s10994-021-06002-w,"Elena Battaglia, Ruggero G. Pensa",https://link.springer.com/content/pdf/10.1007%2Fs10994-021-06002-w.pdf,June 2021,"The majority of the data produced by human activities and modern cyber-physical systems involve complex relations among their features. Such relations can be often represented by means of tensors, which can be...",A parameter-less algorithm for tensor co-clustering
https://link.springer.com/article/10.1007/s10994-021-06014-6,"Junjie Shi, Jiang Bian, Jakob Richter, Kuan-Hsun Chen",https://link.springer.com/content/pdf/10.1007%2Fs10994-021-06014-6.pdf,June 2021,"The predictive performance of a machine learning model highly depends on the corresponding hyper-parameter setting. Hence, hyper-parameter tuning is often indispensable. Normally such tuning requires the dedic...",: model-based optimization on distributed embedded systems
https://link.springer.com/article/10.1007/s10994-020-05938-9,"Josiah P. Hanna, Scott Niekum, Peter Stone",https://link.springer.com/content/pdf/10.1007%2Fs10994-020-05938-9.pdf,June 2021,"In reinforcement learning, importance sampling is a widely used method for evaluating an expectation under the distribution of data of one policy when the data has in fact been generated by a different policy....",Importance sampling in reinforcement learning with an estimated behavior policy
https://link.springer.com/article/10.1007/s10994-021-05986-9,"Daniel Kottke, Marek Herde, Christoph Sandrock, Denis Huseljic",https://link.springer.com/content/pdf/10.1007%2Fs10994-021-05986-9.pdf,June 2021,Gathering labeled data to train well-performing machine learning models is one of the critical challenges in many applications. Active learning aims at reducing the labeling costs by an efficient and effective...,Toward optimal probabilistic active learning using a Bayesian approach
https://link.springer.com/article/10.1007/s10994-021-05989-6,"Javier Fernández, Luke Bornn, Daniel Cervone",https://link.springer.com/content/pdf/10.1007%2Fs10994-021-05989-6.pdf,June 2021,"The expected possession value (EPV) of a soccer possession represents the likelihood of a team scoring or conceding the next goal at any time instance. In this work, we develop a comprehensive analysis framewo...",A framework for the fine-grained evaluation of the instantaneous expected value of soccer possessions
https://link.springer.com/article/10.1007/s10994-021-05973-0,"Anna-Kathrin Kopetzki, Stephan Günnemann",https://link.springer.com/content/pdf/10.1007%2Fs10994-021-05973-0.pdf,June 2021,"Neural networks achieve outstanding accuracy in classification and regression tasks. However, understanding their behavior still remains an open challenge that requires questions to be addressed on the robustn...",Reachable sets of classifiers and regression models: (non-)robustness analysis and robust training
https://link.springer.com/article/10.1007/s10994-021-05992-x,"Rashid Bakirov, Damien Fay, Bogdan Gabrys",https://link.springer.com/content/pdf/10.1007%2Fs10994-021-05992-x.pdf,June 2021,"Automation of machine learning model development is increasingly becoming an established research area. While automated model selection and automated data pre-processing have been studied in depth, there is, h...",Automated adaptation strategies for stream learning
https://link.springer.com/article/10.1007/s10994-021-05958-z,"Daniel Andrade, Yuzuru Okajima",https://link.springer.com/content/pdf/10.1007%2Fs10994-021-05958-z.pdf,May 2021,"In some applications, acquiring covariates comes at a cost which is not negligible. For example in the medical domain, in order to classify whether a patient has diabetes or not, measuring glucose tolerance ca...",Adaptive covariate acquisition for minimizing total cost of classification
https://link.springer.com/article/10.1007/s10994-021-05968-x,"Blaž Škrlj, Matej Martinc, Nada Lavrač, Senja Pollak",https://link.springer.com/content/pdf/10.1007%2Fs10994-021-05968-x.pdf,May 2021,"Learning from texts has been widely adopted throughout industry and science. While state-of-the-art neural language models have shown very promising results for text classification, they are expensive to (pre-...",autoBOT: evolving neuro-symbolic representations for explainable low resource text classification
https://link.springer.com/article/10.1007/s10994-021-05952-5,"Aristeidis Panos, Petros Dellaportas, Michalis K. Titsias",https://link.springer.com/content/pdf/10.1007%2Fs10994-021-05952-5.pdf,May 2021,We introduce a Gaussian process latent factor model for multi-label classification that can capture correlations among class labels by using a small set of latent Gaussian process functions. To address computa...,Large scale multi-label learning using Gaussian processes
https://link.springer.com/article/10.1007/s10994-020-05945-w,"S. Patsantzis, S. H. Muggleton",https://link.springer.com/content/pdf/10.1007%2Fs10994-020-05945-w.pdf,April 2021,"Meta-Interpretive Learners, like most ILP systems, learn by searching for a correct hypothesis in the hypothesis space, the powerset of all constructible clauses. We show how this exponentially-growing search ...",Top program construction and reduction for polynomial time Meta-Interpretive learning
https://link.springer.com/article/10.1007/s10994-021-05950-7,"Lidia Contreras-Ochando, Cèsar Ferri, José Hernández-Orallo",https://link.springer.com/content/pdf/10.1007%2Fs10994-021-05950-7.pdf,April 2021,Matrices are a very common way of representing and working with data in data science and artificial intelligence. Writing a small snippet of code to make a simple matrix transformation is frequently frustratin...,AUTOMAT
https://link.springer.com/article/10.1007/s10994-020-05941-0,"Lun Ai, Stephen H. Muggleton, Céline Hocquette, Mark Gromowski",https://link.springer.com/content/pdf/10.1007%2Fs10994-020-05941-0.pdf,April 2021,Given the recent successes of Deep Learning in AI there has been increased interest in the role and need for explanations in machine learned theories. A distinct notion in this context is that of Michie’s defi...,Beneficial and harmful explanatory machine learning
https://link.springer.com/article/10.1007/s10994-020-05934-z,"Andrew Cropper, Rolf Morel",https://link.springer.com/content/pdf/10.1007%2Fs10994-020-05934-z.pdf,April 2021,We describe an inductive logic programming (ILP) approach called,Learning programs by learning from failures
https://link.springer.com/article/10.1007/s10994-021-05951-6,"Jiyu Chen, Yiwen Guo, Qianjun Zheng, Hao Chen",https://link.springer.com/content/pdf/10.1007%2Fs10994-021-05951-6.pdf,April 2021,"Research showed that deep learning models are vulnerable to membership inference attacks, which aim to determine if an example is in the training set of the model. We propose a new framework to defend against ...",Protect privacy of deep classification networks by exploiting their generative power
https://link.springer.com/article/10.1007/s10994-020-05911-6,"Fabrizio Riguzzi, Elena Bellodi, Riccardo Zese, Marco Alberti",https://link.springer.com/content/pdf/10.1007%2Fs10994-020-05911-6.pdf,April 2021,Probabilistic logical models deal effectively with uncertain relations and entities typical of many real world domains. In the field of probabilistic logic programming usually the aim is to learn these kinds o...,Probabilistic inductive constraint logic
https://link.springer.com/article/10.1007/s10994-021-05960-5,"Jakob Raymaekers, Peter J. Rousseeuw",https://link.springer.com/content/pdf/10.1007%2Fs10994-021-05960-5.pdf,March 2021,"Many real data sets contain numerical features (variables) whose distribution is far from normal (Gaussian). Instead, their distribution is often skewed. In order to handle such data it is customary to preproc...",Transforming variables to central normality
https://link.springer.com/article/10.1007/s10994-020-05936-x,"Jinhong Jung, Lee Sael",https://link.springer.com/content/pdf/10.1007%2Fs10994-020-05936-x.pdf,March 2021,"The article [Fast and accurate pseudoinverse with sparse matrix reordering and incremental approach], written by [Jinhong Jung and Lee Sael], was originally published Online First without Open Access. After pu...",Correction to: Fast and accurate pseudoinverse with sparse matrix reordering and incremental approach
https://link.springer.com/article/10.1007/s10994-021-05964-1,"David J. Hand, Peter Christen, Nishadi Kirielle",https://link.springer.com/content/pdf/10.1007%2Fs10994-021-05964-1.pdf,March 2021,"The F-measure, also known as the F1-score, is widely used to assess the performance of classification algorithms. However, some researchers find it lacking in intuitive interpretation, questioning the appropri...",F*: an interpretable transformation of the F-measure
https://link.springer.com/article/10.1007/s10994-021-05946-3,"Eyke Hüllermeier, Willem Waegeman",https://link.springer.com/content/pdf/10.1007%2Fs10994-021-05946-3.pdf,March 2021,"The notion of uncertainty is of major importance in machine learning and constitutes a key element of machine learning methodology. In line with the statistical tradition, uncertainty has long been perceived a...",Aleatoric and epistemic uncertainty in machine learning: an introduction to concepts and methods
https://link.springer.com/article/10.1007/s10994-020-05924-1,"Christina Heinze-Deml, Nicolai Meinshausen",https://link.springer.com/content/pdf/10.1007%2Fs10994-020-05924-1.pdf,February 2021,"When training a deep neural network for image classification, one can broadly distinguish between two types of latent features of images that will drive the classification. We can divide latent features into (...",Conditional variance penalties and domain shift robustness
https://link.springer.com/article/10.1007/s10994-020-05929-w,"Henry Gouk, Eibe Frank, Bernhard Pfahringer, Michael J. Cree",https://link.springer.com/content/pdf/10.1007%2Fs10994-020-05929-w.pdf,February 2021,"We investigate the effect of explicitly enforcing the Lipschitz continuity of neural networks with respect to their inputs. To this end, we provide a simple technique for computing an upper bound to the Lipsch...",Regularisation of neural networks by enforcing Lipschitz continuity
https://link.springer.com/article/10.1007/s10994-020-05913-4,"Saptarshi Bej, Narek Davtyan, Markus Wolfien, Mariam Nassar",https://link.springer.com/content/pdf/10.1007%2Fs10994-020-05913-4.pdf,February 2021,"The Synthetic Minority Oversampling TEchnique (SMOTE) is widely-used for the analysis of imbalanced datasets. It is known that SMOTE frequently over-generalizes the minority class, leading to misclassification...",LoRAS: an oversampling approach for imbalanced datasets
https://link.springer.com/article/10.1007/s10994-020-05935-y,"Alberto Bemporad, Dario Piga",https://link.springer.com/content/pdf/10.1007%2Fs10994-020-05935-y.pdf,February 2021,"This paper proposes a method for solving optimization problems in which the decision-maker cannot evaluate the objective function, but rather can only express a",Global optimization based on active preference learning with radial basis functions
https://link.springer.com/article/10.1007/s10994-020-05921-4,"Zhaozhi Qian, Ahmed M. Alaa, Mihaela van der Schaar",https://link.springer.com/content/pdf/10.1007%2Fs10994-020-05921-4.pdf,January 2021,The coronavirus disease 2019 (COVID-19) global pandemic poses the threat of overwhelming healthcare systems with unprecedented demands for intensive care resources. Managing these demands cannot be effectively...,CPAS: the UK’s national machine learning-based hospital capacity planning system for COVID-19
https://link.springer.com/article/10.1007/s10994-020-05928-x,"Mihaela van der Schaar, Ahmed M. Alaa, Andres Floto, Alexander Gimson",https://link.springer.com/content/pdf/10.1007%2Fs10994-020-05928-x.pdf,January 2021,"The COVID-19 global pandemic is a threat not only to the health of millions of individuals, but also to the stability of infrastructure and economies around the world.
       The disease will inevitably place an ove...",How artificial intelligence and machine learning can help healthcare systems respond to COVID-19
https://link.springer.com/article/10.1007/s10994-020-05914-3,"Jieting Wang, Yuhua Qian, Feijiang Li",https://link.springer.com/content/pdf/10.1007%2Fs10994-020-05914-3.pdf,December 2020,"Human beings may make random guesses in decision-making. Occasionally, their guesses may generate consistency with the real situation. This kind of consistency is termed random consistency. In the area of mach...",Learning with mitigating random consistency from the accuracy measure
https://link.springer.com/article/10.1007/s10994-020-05920-5,"Jinhong Jung, Lee Sael",https://link.springer.com/content/pdf/10.1007%2Fs10994-020-05920-5.pdf,December 2020,"How can we compute the pseudoinverse of a sparse feature matrix efficiently and accurately for solving optimization problems? A pseudoinverse is a generalization of a matrix inverse, which has been extensively...",Fast and accurate pseudoinverse with sparse matrix reordering and incremental approach
https://link.springer.com/article/10.1007/s10994-020-05886-4,Morteza Haghir Chehreghani,https://link.springer.com/content/pdf/10.1007%2Fs10994-020-05886-4.pdf,November 2020,We investigate the use of Minimax distances to extract in a nonparametric way the features that capture the unknown underlying patterns and structures in the data. We develop a general-purpose and computationa...,Unsupervised representation learning with Minimax distance measures
https://link.springer.com/article/10.1007/s10994-020-05881-9,"Oghenejokpeme I. Orhobor, Nickolai N. Alexandrov, Ross D. King",https://link.springer.com/content/pdf/10.1007%2Fs10994-020-05881-9.pdf,November 2020,"The features in some machine learning datasets can naturally be divided into groups. This is the case with genomic data, where features can be grouped by chromosome. In many applications it is common for these...",Predicting rice phenotypes with meta and multi-target learning
https://link.springer.com/article/10.1007/s10994-020-05887-3,"Zahraa S. Abdallah, Mohamed Medhat Gaber",https://link.springer.com/content/pdf/10.1007%2Fs10994-020-05887-3.pdf,November 2020,"Time series classification (TSC) is a challenging task that attracted many researchers in the last few years. One main challenge in TSC is the diversity of domains where time series data come from. Thus, there...",Co-eye: a multi-resolution ensemble classifier for symbolically approximated time series
https://link.springer.com/article/10.1007/s10994-020-05882-8,"Blaž Škrlj, Jan Kralj, Nada Lavrač",https://link.springer.com/content/pdf/10.1007%2Fs10994-020-05882-8.pdf,November 2020,"Mining complex data in the form of networks is of increasing interest in many scientific disciplines. Network communities correspond to densely connected subnetworks, and often represent key functional parts o...",Embedding-based Silhouette community detection
https://link.springer.com/article/10.1007/s10994-020-05918-z,"Aljaž Osojnik, Panče Panov, Sašo Džeroski",https://link.springer.com/content/pdf/10.1007%2Fs10994-020-05918-z.pdf,November 2020,"In many application settings, labeling data examples is a costly endeavor, while unlabeled examples are abundant and cheap to produce. Labeling examples can be particularly problematic in an online setting, wh...",Incremental predictive clustering trees for online semi-supervised multi-target regression
https://link.springer.com/article/10.1007/s10994-020-05888-2,"Sujay Khandagale, Han Xiao, Rohit Babbar",https://link.springer.com/content/pdf/10.1007%2Fs10994-020-05888-2.pdf,November 2020,Extreme multi-label classification (,Bonsai: diverse and shallow trees for extreme multi-label classification
https://link.springer.com/article/10.1007/s10994-020-05902-7,"Baptiste Bauvin, Cécile Capponi, Jean-Francis Roy, François Laviolette",https://link.springer.com/content/pdf/10.1007%2Fs10994-020-05902-7.pdf,September 2020,The,Fast greedy 
https://link.springer.com/article/10.1007/s10994-020-05899-z,"Riccardo Moriconi, Marc Peter Deisenroth, K. S. Sesh Kumar",https://link.springer.com/content/pdf/10.1007%2Fs10994-020-05899-z.pdf,September 2020,"Bayesian optimization (BO) is a powerful approach for seeking the global optimum of expensive black-box functions and has proven successful for fine tuning hyper-parameters of machine learning models. However,...",High-dimensional Bayesian optimization using low-dimensional feature spaces
https://link.springer.com/article/10.1007/s10994-020-05906-3,"Alessio Benavoli, Dario Azzimonti, Dario Piga",https://link.springer.com/content/pdf/10.1007%2Fs10994-020-05906-3.pdf,September 2020,"Gaussian processes (GPs) are distributions over functions, which provide a Bayesian nonparametric approach to regression and classification. In spite of their success, GPs have limited use in some applications...",Skew Gaussian processes for classification
https://link.springer.com/article/10.1007/s10994-020-05901-8,"Homayun Afrabandpey, Tomi Peltola, Juho Piironen, Aki Vehtari",https://link.springer.com/content/pdf/10.1007%2Fs10994-020-05901-8.pdf,September 2020,"A salient approach to interpretable machine learning is to restrict modeling to simple models. In the Bayesian framework, this can be pursued by restricting the model structure and prior to favor interpretable...",A decision-theoretic approach for model interpretability in Bayesian framework
https://link.springer.com/article/10.1007/s10994-019-05864-5,"Emanuele Pesce, Giovanni Montana",https://link.springer.com/content/pdf/10.1007%2Fs10994-019-05864-5.pdf,September 2020,Deep reinforcement learning algorithms have recently been used to train multiple interacting agents in a centralised manner whilst keeping their execution decentralised. When the agents can only acquire partia...,Improving coordination in small-scale multi-agent deep reinforcement learning through memory-driven communication
https://link.springer.com/article/10.1007/s10994-020-05895-3,"Morteza Haghir Chehreghani, Mostafa Haghir Chehreghani",https://link.springer.com/content/pdf/10.1007%2Fs10994-020-05895-3.pdf,September 2020,"We propose unsupervised representation learning and feature extraction from dendrograms. The commonly used Minimax distance measures correspond to building a dendrogram with single linkage criterion, with defi...",Learning representations from dendrograms
https://link.springer.com/article/10.1007/s10994-020-05890-8,"Nada Lavrač, Blaž Škrlj, Marko Robnik-Šikonja",https://link.springer.com/content/pdf/10.1007%2Fs10994-020-05890-8.pdf,July 2020,"Data preprocessing is an important component of machine learning pipelines, which requires ample time and resources. An integral part of preprocessing is data transformation into the format required by a given...",Propositionalization and embeddings: two sides of the same coin
https://link.springer.com/article/10.1007/s10994-019-05862-7,"Andrew Cropper, Rolf Morel, Stephen Muggleton",https://link.springer.com/content/pdf/10.1007%2Fs10994-019-05862-7.pdf,July 2020,"A key feature of inductive logic programming is its ability to learn first-order programs, which are intrinsically more expressive than propositional programs. In this paper, we introduce techniques to learn h...",Learning higher-order logic programs
https://link.springer.com/article/10.1007/s10994-019-05834-x,"Andrew Cropper, Sophie Tourret",https://link.springer.com/content/pdf/10.1007%2Fs10994-019-05834-x.pdf,July 2020,Many forms of inductive logic programming (ILP) use,Logical reduction of metarules
https://link.springer.com/article/10.1007/s10994-019-05843-w,"Andrew Cropper, Richard Evans, Mark Law",https://link.springer.com/content/pdf/10.1007%2Fs10994-019-05843-w.pdf,July 2020,"General game playing (GGP) is a framework for evaluating an agent’s general intelligence across a wide range of tasks. In the GGP competition, an agent is given the rules of a game (described as a logic progra...",Inductive general game playing
https://link.springer.com/article/10.1007/s10994-020-05872-w,"Hiroshi Kuwajima, Hirotoshi Yasuoka, Toshihiro Nakae",https://link.springer.com/content/pdf/10.1007%2Fs10994-020-05872-w.pdf,May 2020,"Fatal accidents are a major issue hindering the wide acceptance of safety-critical systems that employ machine learning and deep learning models, such as automated driving vehicles. In order to use machine lea...",Engineering problems in machine learning systems
https://link.springer.com/article/10.1007/s10994-019-05860-9,"Alberto N. Escalante-B., Laurenz Wiskott",https://link.springer.com/content/pdf/10.1007%2Fs10994-019-05860-9.pdf,May 2020,Slow feature analysis (SFA) is an unsupervised learning algorithm that extracts slowly varying features from a multi-dimensional time series. SFA has been extended to supervised learning (classification and re...,Improved graph-based SFA: information preservation complements the slowness principle
https://link.springer.com/article/10.1007/s10994-019-05852-9,"Yu Nishiyama, Motonobu Kanagawa, Arthur Gretton, Kenji Fukumizu",https://link.springer.com/content/pdf/10.1007%2Fs10994-019-05852-9.pdf,May 2020,"Kernel Bayesian inference is a principled approach to nonparametric inference in probabilistic graphical models, where probabilistic relationships between variables are learned from data in a nonparametric man...",Model-based kernel sum rule: kernel Bayesian inference with probabilistic models
https://link.springer.com/article/10.1007/s10994-019-05867-2,"Edwin Simpson, Iryna Gurevych",https://link.springer.com/content/pdf/10.1007%2Fs10994-019-05867-2.pdf,April 2020,"We propose a scalable Bayesian preference learning method for jointly predicting the preferences of individuals as well as the consensus of a crowd from pairwise labels. Peoples’ opinions often differ greatly,...",Scalable Bayesian preference learning for crowds
https://link.springer.com/article/10.1007/s10994-019-05856-5,"Johannes Fürnkranz, Tomáš Kliegr, Heiko Paulheim",https://link.springer.com/content/pdf/10.1007%2Fs10994-019-05856-5.pdf,April 2020,"It is conventional wisdom in machine learning and data mining that logical models such as rule sets are more interpretable than other models, and that among such rule-based models, simpler models are more inte...",On cognitive preferences and the plausibility of rule-based models
https://link.springer.com/article/10.1007/s10994-019-05859-2,"Ching-pei Lee, Kai-Wei Chang",https://link.springer.com/content/pdf/10.1007%2Fs10994-019-05859-2.pdf,April 2020,"In recent years, there is a growing need to train machine learning models on a huge volume of data. Therefore, designing efficient distributed optimization algorithms for empirical risk minimization (ERM) has ...",Distributed block-diagonal approximation methods for regularized empirical risk minimization
https://link.springer.com/article/10.1007/s10994-019-05845-8,"Nicolas Bougie, Ryutaro Ichise",https://link.springer.com/content/pdf/10.1007%2Fs10994-019-05845-8.pdf,March 2020,"Reinforcement learning methods rely on rewards provided by the environment that are extrinsic to the agent. However, many real-world scenarios involve sparse or delayed rewards. In such cases, the agent can de...",Skill-based curiosity for intrinsically motivated reinforcement learning
https://link.springer.com/article/10.1007/s10994-019-05855-6,"Jesper E. van Engelen, Holger H. Hoos",https://link.springer.com/content/pdf/10.1007%2Fs10994-019-05855-6.pdf,February 2020,Semi-supervised learning is the branch of machine learning concerned with using labelled as well as unlabelled data to perform certain learning tasks. Conceptually situated between supervised and unsupervised ...,A survey on semi-supervised learning
https://link.springer.com/article/10.1007/s10994-019-05848-5,"Nastasiya F. Grinberg, Oghenejokpeme I. Orhobor, Ross D. King",https://link.springer.com/content/pdf/10.1007%2Fs10994-019-05848-5.pdf,February 2020,"In phenotype prediction the physical characteristics of an organism are predicted from knowledge of its genotype and environment. Such studies, often called genome-wide association studies, are of the highest ...","An evaluation of machine-learning for predicting phenotype: studies in yeast, rice, and wheat"
https://link.springer.com/article/10.1007/s10994-019-05805-2,"Wataru Kumagai, Takafumi Kanamori",https://link.springer.com/content/pdf/10.1007%2Fs10994-019-05805-2.pdf,November 2019,"In this study, we consider a transfer-learning problem using the parameter transfer approach, in which a suitable parameter of feature mapping is learned through one task and applied to another objective task....",Risk bound of transfer learning using parametric feature mapping and its application to sparse coding
https://link.springer.com/article/10.1007/s10994-019-05778-2,"Xiangju Qin, Paul Blomstedt, Eemeli Leppäaho, Pekka Parviainen",https://link.springer.com/content/pdf/10.1007%2Fs10994-019-05778-2.pdf,October 2019,Bayesian matrix factorization (BMF) is a powerful tool for producing low-rank representations of matrices and for predicting missing values and providing confidence intervals. Scaling up the posterior inferenc...,Distributed Bayesian matrix factorization with limited communication
https://link.springer.com/article/10.1007/s10994-019-05830-1,"Alex Mansbridge, Roberto Fierimonte, Ilya Feige, David Barber",https://link.springer.com/content/pdf/10.1007%2Fs10994-019-05830-1.pdf,September 2019,"Powerful generative models, particularly in natural language modelling, are commonly trained by maximizing a variational lower bound on the data log likelihood. These models often suffer from poor use of their...",Improving latent variable descriptiveness by modelling rather than ad-hoc factors
https://link.springer.com/article/10.1007/s10994-019-05822-1,"Balázs Cs. Csáji, Krisztián B. Kis",https://link.springer.com/content/pdf/10.1007%2Fs10994-019-05822-1.pdf,September 2019,"We propose a data-driven approach to quantify the uncertainty of models constructed by kernel methods. Our approach minimizes the needed distributional assumptions, hence, instead of working with, for example,...",Distribution-free uncertainty quantification for kernel methods by gradient perturbations
https://link.springer.com/article/10.1007/s10994-019-05788-0,"Simone Parisi, Voot Tangkaratt, Jan Peters, Mohammad Emtiyaz Khan",https://link.springer.com/content/pdf/10.1007%2Fs10994-019-05788-0.pdf,September 2019,"Actor-critic methods can achieve incredible performance on difficult reinforcement learning problems, but they are also prone to instability. This is partly due to the interaction between the actor and critic ...",TD-regularized actor-critic methods
https://link.springer.com/article/10.1007/s10994-019-05795-1,"Konstantinos Sechidis, Laura Azzimonti, Adam Pocock, Giorgio Corani",https://link.springer.com/content/pdf/10.1007%2Fs10994-019-05795-1.pdf,September 2019,"Information theoretic feature selection methods quantify the importance of each feature by estimating mutual information terms to capture: the relevancy, the redundancy and the complementarity. These terms are...",Efficient feature selection using shrinkage estimators
https://link.springer.com/article/10.1007/s10994-019-05807-0,"Joni Pajarinen, Hong Linh Thai, Riad Akrour, Jan Peters",https://link.springer.com/content/pdf/10.1007%2Fs10994-019-05807-0.pdf,September 2019,Trust-region methods have yielded state-of-the-art results in policy search. A common approach is to use KL-divergence to bound the region of trust resulting in a natural gradient policy update. We show that t...,Compatible natural gradient policy search
https://link.springer.com/article/10.1007/s10994-018-5769-2,"Dmitry Adamskiy, Anthony Bellotti, Raisa Dzhamtyrova, Yuri Kalnishkan",https://link.springer.com/content/pdf/10.1007%2Fs10994-018-5769-2.pdf,September 2019,"This paper formulates a protocol for prediction of packs, which is a special case of on-line prediction under delayed feedback. Under the prediction of packs protocol, the learner must make a few predictions w...",Aggregating Algorithm for prediction of packs
https://link.springer.com/article/10.1007/s10994-019-05817-y,"Tom J. Viering, Jesse H. Krijthe, Marco Loog",https://link.springer.com/content/pdf/10.1007%2Fs10994-019-05817-y.pdf,September 2019,"Active learning algorithms propose what data should be labeled given a pool of unlabeled data. Instead of selecting randomly what data to annotate, active learning strategies aim to select data so as to get a ...",Nuclear discrepancy for single-shot batch active learning
https://link.springer.com/article/10.1007/s10994-019-05791-5,"Rohit Babbar, Bernhard Schölkopf",https://link.springer.com/content/pdf/10.1007%2Fs10994-019-05791-5.pdf,September 2019,The goal in extreme multi-label classification (,"Data scarcity, robustness and extreme multi-label classification"
https://link.springer.com/article/10.1007/s10994-018-5712-6,"Andrew Cropper, Stephen H. Muggleton",https://link.springer.com/content/pdf/10.1007%2Fs10994-018-5712-6.pdf,July 2019,"When machine learning programs from data, we ideally want to learn efficient rather than inefficient programs. However, existing inductive logic programming (ILP) techniques cannot distinguish between the effi...",Learning efficient logic programs
https://link.springer.com/article/10.1007/s10994-018-5770-9,"Ralf Eggeling, Ivo Grosse, Mikko Koivisto",https://link.springer.com/content/pdf/10.1007%2Fs10994-018-5770-9.pdf,June 2019,"Parsimonious context trees, PCTs, provide a sparse parameterization of conditional probability distributions. They are particularly powerful for modeling context-specific independencies in sequential discrete ...",Algorithms for learning parsimonious context trees
https://link.springer.com/article/10.1007/s10994-019-05784-4,"Hideaki Kano, Junya Honda, Kentaro Sakamaki, Kentaro Matsuura",https://link.springer.com/content/pdf/10.1007%2Fs10994-019-05784-4.pdf,May 2019,We consider a novel stochastic multi-armed bandit problem called,Good arm identification via bandit feedback
https://link.springer.com/article/10.1007/s10994-018-5764-7,"Xenophon Evangelopoulos, Austin J. Brockmeier, Tingting Mu",https://link.springer.com/content/pdf/10.1007%2Fs10994-018-5764-7.pdf,April 2019,"We propose a set of highly scalable algorithms for the combinatorial data analysis problem of seriating similarity matrices. Seriation consists of finding a permutation of data instances, such that similar ins...",Continuation methods for approximate large scale object sequencing
https://link.springer.com/article/10.1007/s10994-018-5752-y,Giovanni Cherubin,https://link.springer.com/content/pdf/10.1007%2Fs10994-018-5752-y.pdf,March 2019,We study majority vote ensembles of,Majority vote ensembles of conformal predictors
https://link.springer.com/article/10.1007/s10994-018-5754-9,"Paolo Toccaceli, Alexander Gammerman",https://link.springer.com/content/pdf/10.1007%2Fs10994-018-5754-9.pdf,March 2019,It is well known that ensembling predictions from different Machine Learning (ML) algorithms can improve accuracy. This paper proposes a approach to combine Conformal Predictors (CPs) with different underlying...,Combination of inductive mondrian conformal predictors
https://link.springer.com/article/10.1007/s10994-018-5753-x,"Ulf Johansson, Tuve Löfström, Henrik Linusson, Henrik Boström",https://link.springer.com/content/pdf/10.1007%2Fs10994-018-5753-x.pdf,March 2019,"Successful use of probabilistic classification requires well-calibrated probability estimates, i.e., the predicted class probabilities must correspond to the true probabilities. In addition, a probabilistic cl...",Efficient Venn predictors using random forests
https://link.springer.com/article/10.1007/s10994-018-5755-8,"Vladimir Vovk, Jieli Shen, Valery Manokhin, Min-ge Xie",https://link.springer.com/content/pdf/10.1007%2Fs10994-018-5755-8.pdf,March 2019,"This paper applies conformal prediction to derive predictive distributions that are valid under a nonparametric assumption. Namely, we introduce and explore predictive distribution functions that always satisf...",Nonparametric predictive distributions based on conformal prediction
https://link.springer.com/article/10.1007/s10994-018-5748-7,"Ioannis Tsamardinos, Giorgos Borboudakis, Pavlos Katsogridakis",https://link.springer.com/content/pdf/10.1007%2Fs10994-018-5748-7.pdf,February 2019,We present the,A greedy feature selection algorithm for Big Data of high dimensionality
https://link.springer.com/article/10.1007/s10994-018-5741-1,"Alkeos Tsokos, Santhosh Narayanan, Ioannis Kosmidis, Gianluca Baio",https://link.springer.com/content/pdf/10.1007%2Fs10994-018-5741-1.pdf,January 2019,"We compare various extensions of the Bradley–Terry model and a hierarchical Poisson log-linear model in terms of their performance in predicting the outcome of soccer matches (win, draw, or loss). The paramete...",Modeling outcomes of soccer matches
https://link.springer.com/article/10.1007/s10994-018-5714-4,"Ioannis Tsamardinos, Elissavet Greasidou, Giorgos Borboudakis",https://link.springer.com/content/pdf/10.1007%2Fs10994-018-5714-4.pdf,December 2018,"Cross-Validation (CV), and out-of-sample performance-estimation protocols in general, are often employed both for (a) selecting the optimal combination of algorithms and values of hyper-parameters (called a co...",Bootstrapping the out-of-sample predictions for efficient and accurate cross-validation
https://link.springer.com/article/10.1007/s10994-018-5743-z,"Cláudio Rebelo de Sá, Wouter Duivesteijn, Paulo Azevedo",https://link.springer.com/content/pdf/10.1007%2Fs10994-018-5743-z.pdf,November 2018,Exceptional preferences mining (EPM) is a crossover between two subfields of data mining: local pattern mining and preference learning. EPM can be seen as a local pattern mining task that finds subsets of obse...,Discovering a taste for the unusual: exceptional models for preference mining
https://link.springer.com/article/10.1007/s10994-018-5710-8,"Stephen Muggleton, Wang-Zhou Dai, Claude Sammut",https://link.springer.com/content/pdf/10.1007%2Fs10994-018-5710-8.pdf,July 2018,"Statistical machine learning is widely used in image classification. However, most techniques (1) require many images to achieve high accuracy and (2) do not provide support for reasoning below the level of cl...",Meta-Interpretive Learning from noisy images
https://link.springer.com/article/10.1007/s10994-018-5707-3,"Stephen H. Muggleton, Ute Schmid, Christina Zeller",https://link.springer.com/content/pdf/10.1007%2Fs10994-018-5707-3.pdf,July 2018,During the 1980s Michie defined Machine Learning in terms of two orthogonal axes of performance: predictive accuracy and comprehensibility of generated hypotheses. Since predictive accuracy was readily measura...,Ultra-Strong Machine Learning: comprehensibility of programs learned with ILP
https://link.springer.com/article/10.1007/s10994-018-5705-5,"Markus Peters, Maytal Saar-Tsechansky, Wolfgang Ketter",https://link.springer.com/content/pdf/10.1007%2Fs10994-018-5705-5.pdf,June 2018,"Emerging domains such as smart electric grids require decisions to be made autonomously, based on the observed behaviors of large numbers of connected consumers. Existing approaches either lack the flexibility...",A scalable preference model for autonomous decision-making
https://link.springer.com/article/10.1007/s10994-017-5666-0,"Thomas M. Moerland, Joost Broekens, Catholijn M. Jonker",https://link.springer.com/content/pdf/10.1007%2Fs10994-017-5666-0.pdf,February 2018,"This article provides the first survey of computational models of emotion in reinforcement learning (RL) agents. The survey focuses on agent/robot emotions, and mostly ignores human user emotions. Emotions are...",Emotion in reinforcement learning agents and robots: a survey
https://link.springer.com/article/10.1007/s10994-017-5648-2,"Konstantinos Sechidis, Gavin Brown",https://link.springer.com/content/pdf/10.1007%2Fs10994-017-5648-2.pdf,February 2018,"What is the simplest thing you can do to solve a problem? In the context of semi-supervised feature selection, we tackle exactly this—how much we can gain from two simple",Simple strategies for semi-supervised feature selection
https://link.springer.com/article/10.1007/s10994-017-5686-9,"Jan N. van Rijn, Geoffrey Holmes, Bernhard Pfahringer",https://link.springer.com/content/pdf/10.1007%2Fs10994-017-5686-9.pdf,January 2018,"Ensembles of classifiers are among the best performing classifiers available in many data mining applications, including the mining of data streams. Rather than training one classifier, multiple classifiers ar...",The online performance estimation framework: heterogeneous ensemble learning for data streams
https://link.springer.com/article/10.1007/s10994-017-5685-x,"Ivan Olier, Noureddin Sadawi, G. Richard Bickerton, Joaquin Vanschoren",https://link.springer.com/content/pdf/10.1007%2Fs10994-017-5685-x.pdf,January 2018,"We investigate the learning of quantitative structure activity relationships (QSARs) as a case-study of meta-learning. This application area is of the highest societal importance, as it is a key step in the de...",Meta-QSAR: a large-scale application of meta-learning to drug design and discovery
https://link.springer.com/article/10.1007/s10994-017-5651-7,"Pedram Daee, Tomi Peltola, Marta Soare, Samuel Kaski",https://link.springer.com/content/pdf/10.1007%2Fs10994-017-5651-7.pdf,October 2017,"Prediction in a small-sized sample with a large number of covariates, the “small",Knowledge elicitation via sequential probabilistic inference for high-dimensional prediction
https://link.springer.com/article/10.1007/s10994-017-5635-7,"Beilun Wang, Ritambhara Singh, Yanjun Qi",https://link.springer.com/content/pdf/10.1007%2Fs10994-017-5635-7.pdf,October 2017,"Identifying context-specific entity networks from aggregated data is an important task, arising often in bioinformatics and neuroimaging applications. Computationally, this task can be formulated as jointly es...",A constrained 
https://link.springer.com/article/10.1007/s10994-016-5582-8,"Giulio Rossetti, Luca Pappalardo, Dino Pedreschi, Fosca Giannotti",https://link.springer.com/content/pdf/10.1007%2Fs10994-016-5582-8.pdf,August 2017,"Community discovery has emerged during the last decade as one of the most challenging problems in social network analysis. Many algorithms have been proposed to find communities on static networks, i.e. networ...",Tiles: an online algorithm for community discovery in dynamic social networks
https://link.springer.com/article/10.1007/s10994-017-5634-8,"Ran Tian, Naoaki Okazaki, Kentaro Inui",https://link.springer.com/content/pdf/10.1007%2Fs10994-017-5634-8.pdf,July 2017,"Additive composition (Foltz et al. in Discourse Process 15:285–307,",The mechanism of additive composition
https://link.springer.com/article/10.1007/s10994-017-5626-8,"Jesse H. Krijthe, Marco Loog",https://link.springer.com/content/pdf/10.1007%2Fs10994-017-5626-8.pdf,July 2017,For semi-supervised techniques to be applied safely in practice we at least want methods to outperform their supervised counterparts. We study this question for classification using the well-known quadratic su...,Projected estimators for robust semi-supervised classification
https://link.springer.com/article/10.1007/s10994-016-5616-2,"Simon Cousins, John Shawe-Taylor",https://link.springer.com/content/pdf/10.1007%2Fs10994-016-5616-2.pdf,June 2017,In this paper we focus on constructing binary classifiers that are built on the premise of minimising an upper bound on their future misclassification rate. We pay particular attention to the approach taken by...,High-probability minimax probability machines
https://link.springer.com/article/10.1007/s10994-017-5631-y,"Carlos Eduardo Cancino-Chacón, Thassilo Gadermaier, Gerhard Widmer",https://link.springer.com/content/pdf/10.1007%2Fs10994-017-5631-y.pdf,June 2017,"Expressive interpretation forms an important but complex aspect of music, particularly in Western classical music. Modeling the relation between musical expression and structural aspects of the score being per...",An evaluation of linear and non-linear models of expressive dynamics in classical piano and symphonic music
https://link.springer.com/article/10.1007/s10994-016-5613-5,"Aljaž Osojnik, Panče Panov, Sašo Džeroski",https://link.springer.com/content/pdf/10.1007%2Fs10994-016-5613-5.pdf,June 2017,"Multi-label classification (MLC) tasks are encountered more and more frequently in machine learning applications. While MLC methods exist for the classical batch setting, only a few methods are available for s...",Multi-label classification via multi-target regression on data streams
https://link.springer.com/article/10.1007/s10994-016-5591-7,"Wojciech Kotłowski, Krzysztof Dembczyński",https://link.springer.com/content/pdf/10.1007%2Fs10994-016-5591-7.pdf,April 2017,"We consider optimization of generalized performance metrics for binary classification by means of surrogate losses. We focus on a class of metrics, which are linear-fractional functions of the false positive a...",Surrogate regret bounds for generalized classification performance metrics
https://link.springer.com/article/10.1007/s10994-016-5621-5,"Dongwoo Kim, Alice Oh",https://link.springer.com/content/pdf/10.1007%2Fs10994-016-5621-5.pdf,March 2017,We present the,Hierarchical Dirichlet scaling process
https://link.springer.com/article/10.1007/s10994-015-5539-3,"Matthijs van Leeuwen, Tijl De Bie, Eirini Spyropoulou, Cédric Mesnage",https://link.springer.com/content/pdf/10.1007%2Fs10994-015-5539-3.pdf,October 2016,"The utility of a dense subgraph in gaining a better understanding of a graph has been formalised in numerous ways, each striking a different balance between approximating actual interestingness and computation...",Subjective interestingness of subgraph patterns
https://link.springer.com/article/10.1007/s10994-016-5571-y,"Niall Twomey, Tom Diethe, Peter Flach",https://link.springer.com/content/pdf/10.1007%2Fs10994-016-5571-y.pdf,September 2016,There is no uniform approach in the literature for modelling sequential correlations in sequence classification problems. It is easy to find examples of unstructured models (,On the need for structure modelling in sequence prediction
https://link.springer.com/article/10.1007/s10994-016-5572-x,"Nikolaos Nikolaou, Narayanan Edakunni, Meelis Kull, Peter Flach",https://link.springer.com/content/pdf/10.1007%2Fs10994-016-5572-x.pdf,September 2016,"We provide a unifying perspective for two decades of work on cost-sensitive Boosting algorithms. When analyzing the literature 1997–2016, we find 15 distinct cost-sensitive variants of the original algorithm; ...",Cost-sensitive boosting algorithms: Do we really need them?
https://link.springer.com/article/10.1007/s10994-016-5570-z,"Decebal Constantin Mocanu, Elena Mocanu, Phuong H. Nguyen",https://link.springer.com/content/pdf/10.1007%2Fs10994-016-5570-z.pdf,September 2016,"Restricted Boltzmann Machines (RBMs) and models derived from them have been successfully used as basic building blocks in deep artificial neural networks for automatic features extraction, unsupervised weights...",A topological insight into restricted Boltzmann machines
https://link.springer.com/article/10.1007/s10994-015-5503-2,Marco Grzegorczyk,https://link.springer.com/content/pdf/10.1007%2Fs10994-015-5503-2.pdf,February 2016,"In the topical field of systems biology there is considerable interest in learning regulatory networks, and various probabilistic machine learning methods have been proposed to this end. Popular approaches inc...",A non-homogeneous dynamic Bayesian network with a hidden Markov model dependency structure among the temporal data points
https://link.springer.com/article/10.1007/s10994-015-5508-x,"Jakub M. Tomczak, Maciej Zięba",https://link.springer.com/content/pdf/10.1007%2Fs10994-015-5508-x.pdf,October 2015,"Application of machine learning to medical diagnosis entails facing two major issues, namely, a necessity of learning comprehensible models and a need of coping with imbalanced data phenomenon. The first one c...",Probabilistic combination of classification rules and its application to medical diagnosis
https://link.springer.com/article/10.1007/s10994-014-5457-9,"Andreas P. Streich, Joachim M. Buhmann",https://link.springer.com/content/pdf/10.1007%2Fs10994-014-5457-9.pdf,June 2015,"Multi-label classification extends the standard multi-class classification paradigm by dropping the assumption that classes have to be mutually exclusive, i.e., the same data item might belong to more than one...",Asymptotic analysis of estimators on multi-label data
https://link.springer.com/article/10.1007/s10994-014-5467-7,"Kazuho Watanabe, Shiro Ikeda",https://link.springer.com/content/pdf/10.1007%2Fs10994-014-5467-7.pdf,April 2015,"We discuss a nonparametric estimation method for the mixing distributions in mixture models. The problem is formalized as a minimization of a one-parameter objective functional, which becomes the maximum likel...",Entropic risk minimization for nonparametric estimation of mixing distributions
https://link.springer.com/article/10.1007/s10994-013-5427-7,"Hilbert J. Kappen, Vicenç Gómez",https://link.springer.com/content/pdf/10.1007%2Fs10994-013-5427-7.pdf,September 2014,We analyze the variational method for sparse regression using,The Variational Garrote
https://link.springer.com/article/10.1007/s10994-013-5346-7,John K. Williams,https://link.springer.com/content/pdf/10.1007%2Fs10994-013-5346-7.pdf,April 2014,"Atmospheric turbulence poses a significant hazard to aviation, with severe encounters costing airlines millions of dollars per year in compensation, aircraft damage, and delays due to required post-event inspe...",Using random forests to diagnose aviation turbulence
https://link.springer.com/article/10.1007/s10994-013-5343-x,"Amy McGovern, David J. Gagne II, John K. Williams, Rodger A. Brown",https://link.springer.com/content/pdf/10.1007%2Fs10994-013-5343-x.pdf,April 2014,"Severe weather, including tornadoes, thunderstorms, wind, and hail annually cause significant loss of life and property. We are developing spatiotemporal machine learning techniques that will enable meteorolog...",Enhancing understanding and improving prediction of severe weather through spatiotemporal relational learning
https://link.springer.com/article/10.1007/s10994-013-5365-4,"Salvatore Corrente, Salvatore Greco, Miłosz Kadziński, Roman Słowiński",https://link.springer.com/content/pdf/10.1007%2Fs10994-013-5365-4.pdf,November 2013,"Multiple Criteria Decision Aiding (MCDA) offers a diversity of approaches designed for providing the decision maker (DM) with a recommendation concerning a set of alternatives (items, actions) evaluated from m...",Robust ordinal regression in preference learning and ranking
https://link.springer.com/article/10.1007/s10994-012-5326-3,"Marco Grzegorczyk, Dirk Husmeier",https://link.springer.com/content/pdf/10.1007%2Fs10994-012-5326-3.pdf,April 2013,"To relax the homogeneity assumption of classical dynamic Bayesian networks (DBNs), various recent studies have combined DBNs with multiple changepoint processes. The underlying assumption is that the parameter...",Regularization of non-homogeneous dynamic Bayesian networks with global information-coupling based on hierarchical Bayesian models
https://link.springer.com/article/10.1007/s10994-012-5316-5,"Esma Aïmeur, Gilles Brassard, Sébastien Gambs",https://link.springer.com/content/pdf/10.1007%2Fs10994-012-5316-5.pdf,February 2013,"We show how the quantum paradigm can be used to speed up unsupervised learning algorithms. More precisely, we explain how it is possible to accelerate learning algorithms by quantizing some of their subroutine...",Quantum speed-up for unsupervised learning
https://link.springer.com/article/10.1007/s10994-012-5297-4,"Adriana Birlutiu, Perry Groot, Tom Heskes",https://link.springer.com/content/pdf/10.1007%2Fs10994-012-5297-4.pdf,January 2013,This paper presents a framework for optimizing the preference learning process. In many real-world applications in which preference learning is involved the available training data is scarce and obtaining labe...,Efficiently learning the preferences of people
https://link.springer.com/article/10.1007/s10994-012-5285-8,"Krzysztof Dembczyński, Willem Waegeman, Weiwei Cheng, Eyke Hüllermeier",https://link.springer.com/content/pdf/10.1007%2Fs10994-012-5285-8.pdf,July 2012,"Most of the multi-label classification (MLC) methods proposed in recent years intended to exploit, in one way or the other, dependencies between the class labels. Comparing to simple binary relevance learning ...",On label dependence and loss minimization in multi-label classification
https://link.springer.com/article/10.1007/s10994-011-5277-0,"Joaquin Vanschoren, Hendrik Blockeel, Bernhard Pfahringer",https://link.springer.com/content/pdf/10.1007%2Fs10994-011-5277-0.pdf,May 2012,"Thousands of machine learning research papers contain extensive experimental comparisons. However, the details of those experiments are often lost after publication, making it impossible to reuse these experim...",Experiment databases
https://link.springer.com/article/10.1007/s10994-012-5278-7,"Hilbert J. Kappen, Vicenç Gómez, Manfred Opper",https://link.springer.com/content/pdf/10.1007%2Fs10994-012-5278-7.pdf,May 2012,"We reformulate a class of non-linear stochastic optimal control problems introduced by Todorov (in Advances in Neural Information Processing Systems, vol. 19, pp. 1369–1376,",Optimal control as a graphical model inference problem
https://link.springer.com/article/10.1007/s10994-011-5273-4,"Laurens van der Maaten, Geoffrey Hinton",https://link.springer.com/content/pdf/10.1007%2Fs10994-011-5273-4.pdf,April 2012,"Techniques for multidimensional scaling visualize objects as points in a low-dimensional metric map. As a result, the visualizations are subject to the fundamental limitations of metric spaces. These limitatio...",Visualizing non-metric similarities in multiple maps
https://link.springer.com/article/10.1007/s10994-011-5265-4,"Sicco Verwer, Mathijs de Weerdt, Cees Witteveen",https://link.springer.com/content/pdf/10.1007%2Fs10994-011-5265-4.pdf,March 2012,We develop a novel learning algorithm,Efficiently identifying deterministic real-time automata from labeled data
https://link.springer.com/article/10.1007/s10994-011-5259-2,"Stephen Muggleton, Luc De Raedt, David Poole, Ivan Bratko, Peter Flach",https://link.springer.com/content/pdf/10.1007%2Fs10994-011-5259-2.pdf,January 2012,Inductive Logic Programming (ILP) is an area of Machine Learning which has now reached its twentieth year. Using the analogy of a human biography this paper recalls the development of the subject from its infa...,ILP turns 20
https://link.springer.com/article/10.1007/s10994-010-5226-3,"Bharath K. Sriperumbudur, David A. Torres, Gert R. G. Lanckriet",https://link.springer.com/content/pdf/10.1007%2Fs10994-010-5226-3.pdf,October 2011,"Generalized eigenvalue (GEV) problems have applications in many areas of science and engineering. For example, principal component analysis (PCA), canonical correlation analysis (CCA) and Fisher discriminant a...",A majorization-minimization approach to the sparse generalized eigenvalue problem
https://link.springer.com/article/10.1007/s10994-011-5255-6,"Shimon Whiteson, Michael L. Littman",https://link.springer.com/content/pdf/10.1007%2Fs10994-011-5255-6.pdf,July 2011,,Introduction to the special issue on empirical evaluations in reinforcement learning
https://link.springer.com/article/10.1007/s10994-010-5217-4,"Justin Guinney, Qiang Wu, Sayan Mukherjee",https://link.springer.com/content/pdf/10.1007%2Fs10994-010-5217-4.pdf,June 2011,We consider the problem of hierarchical or multitask modeling where we simultaneously learn the regression function and the underlying geometry and dependence between variables. We demonstrate how the gradient...,Estimating variable structure and dependence in multitask learning via gradients
https://link.springer.com/article/10.1007/s10994-010-5195-6,"Hendrik Blockeel, Karsten Borgwardt, Luc De Raedt, Pedro Domingos",https://link.springer.com/content/pdf/10.1007%2Fs10994-010-5195-6.pdf,May 2011,,"Guest editorial to the special issue on inductive logic programming, mining and learning in graphs and statistical relational learning"
https://link.springer.com/article/10.1007/s10994-010-5224-5,"Kai Ming Ting, Jonathan R. Wells, Swee Chuan Tan, Shyh Wei Teng",https://link.springer.com/content/pdf/10.1007%2Fs10994-010-5224-5.pdf,March 2011,"This paper introduces a new ensemble approach, Feature-Subspace Aggregating (Feating), which builds local models instead of global models. Feating is a generic ensemble approach that can enhance the predictive...",Feature-subspace aggregating: ensembles for stable and unstable learners
https://link.springer.com/article/10.1007/s10994-010-5210-y,"Elisabeth Georgii, Koji Tsuda, Bernhard Schölkopf",https://link.springer.com/content/pdf/10.1007%2Fs10994-010-5210-y.pdf,February 2011,The analysis of,Multi-way set enumeration in weight tensors
https://link.springer.com/article/10.1007/s10994-010-5215-6,"Ichigaku Takigawa, Hiroshi Mamitsuka",https://link.springer.com/content/pdf/10.1007%2Fs10994-010-5215-6.pdf,February 2011,"The output of frequent pattern mining is a huge number of frequent patterns, which are very redundant, causing a serious problem in understandability. We focus on mining frequent subgraphs for which well-consi...",Efficiently mining 
https://link.springer.com/article/10.1007/s10994-010-5188-5,"Marco Barreno, Blaine Nelson, Anthony D. Joseph, J. D. Tygar",https://link.springer.com/content/pdf/10.1007%2Fs10994-010-5188-5.pdf,November 2010,Machine learning’s ability to rapidly evolve to changing and complex situations has helped it become a fundamental tool for computer security. That adaptability is also a vulnerability: attackers can exploit m...,The security of machine learning
https://link.springer.com/article/10.1007/s10994-010-5171-1,"Jacob Abernethy, Olivier Chapelle, Carlos Castillo",https://link.springer.com/content/pdf/10.1007%2Fs10994-010-5171-1.pdf,November 2010,"We present an algorithm,",Graph regularization methods for Web spam detection
https://link.springer.com/article/10.1007/s10994-010-5168-9,"Peter R. Rijnbeek, Jan A. Kors",https://link.springer.com/content/pdf/10.1007%2Fs10994-010-5168-9.pdf,July 2010,Greedy approaches suffer from a restricted search space which could lead to suboptimal classifiers in terms of performance and classifier size. This study discusses exhaustive search as an alternative to greed...,Finding a short and accurate decision rule in disjunctive normal form by exhaustive search
https://link.springer.com/article/10.1007/s10994-009-5152-4,"Shai Ben-David, John Blitzer, Koby Crammer, Alex Kulesza",https://link.springer.com/content/pdf/10.1007%2Fs10994-009-5152-4.pdf,May 2010,"Discriminative learning methods for classification perform well when training and test data are drawn from the same distribution. Often, however, we have plentiful labeled training data from a",A theory of learning from different domains
https://link.springer.com/article/10.1007/s10994-009-5157-z,"Virginia R. de Sa, Patrick W. Gallagher, Joshua M. Lewis",https://link.springer.com/content/pdf/10.1007%2Fs10994-009-5157-z.pdf,May 2010,"In many problem domains data may come from multiple sources (or views), such as video and audio from a camera or text on and links to a web page. These multiple views of the data are often not directly compara...",Multi-view kernel construction
https://link.springer.com/article/10.1007/s10994-009-5153-3,"Felix Bießmann, Frank C. Meinecke, Arthur Gretton, Alexander Rauch",https://link.springer.com/content/pdf/10.1007%2Fs10994-009-5153-3.pdf,May 2010,"Data recorded from multiple sources sometimes exhibit non-instantaneous couplings. For simple data sets, cross-correlograms may reveal the coupling dynamics. But when dealing with high-dimensional multivariate...",Temporal kernel CCA and its application in multimodal neuronal data analysis
https://link.springer.com/article/10.1007/s10994-009-5149-z,"Charles Parker, Yasemin Altun, Prasad Tadepalli",https://link.springer.com/content/pdf/10.1007%2Fs10994-009-5149-z.pdf,December 2009,,Guest editorial: special issue on structured prediction
https://link.springer.com/article/10.1007/s10994-009-5133-7,"Manfred K. Warmuth, Dima Kuzmin",https://link.springer.com/content/pdf/10.1007%2Fs10994-009-5133-7.pdf,July 2009,"One of the main concepts in quantum physics is a density matrix, which is a symmetric positive definite matrix of trace one. Finite probability distributions can be seen as a special case when the density matr...",Bayesian generalized probability calculus for density matrices
https://link.springer.com/article/10.1007/s10994-009-5112-z,"Charles Sutton, Andrew McCallum",https://link.springer.com/content/pdf/10.1007%2Fs10994-009-5112-z.pdf,June 2009,"A drawback of structured prediction methods is that parameter estimation requires repeated inference, which is intractable for general structures. In this paper, we present an approximate training algorithm ca...",Piecewise training for structured prediction
https://link.springer.com/article/10.1007/s10994-009-5111-0,"Christoph H. Lampert, Matthew B. Blaschko",https://link.springer.com/content/pdf/10.1007%2Fs10994-009-5111-0.pdf,April 2009,"Discriminative techniques, such as conditional random fields (CRFs) or structure aware maximum-margin techniques (maximum margin Markov networks (M",Structured prediction by joint kernel support estimation
https://link.springer.com/article/10.1007/s10994-008-5086-2,"Pierre Mahé, Jean-Philippe Vert",https://link.springer.com/content/pdf/10.1007%2Fs10994-008-5086-2.pdf,April 2009,"Motivated by chemical applications, we revisit and extend a family of positive definite kernels for graphs based on the detection of common subtrees, initially proposed by Ramon and Gärtner (Proceedings of the...",Graph kernels based on tree patterns for molecules
https://link.springer.com/article/10.1007/s10994-008-5089-z,"Hiroto Saigo, Sebastian Nowozin, Tadashi Kadowaki, Taku Kudo",https://link.springer.com/content/pdf/10.1007%2Fs10994-008-5089-z.pdf,April 2009,"Graph mining methods enumerate frequently appearing subgraph patterns, which can be used as features for subsequent classification or regression. However, frequent patterns are not necessarily informative for ...",gBoost: a mathematical programming approach to graph classification and regression
https://link.springer.com/article/10.1007/s10994-008-5069-3,"Christos Dimitrakakis, Michail G. Lagoudakis",https://link.springer.com/content/pdf/10.1007%2Fs10994-008-5069-3.pdf,September 2008,"Several researchers have recently investigated the connection between reinforcement learning and classification. We are motivated by proposals of approximate policy iteration schemes without value functions, w...",Rollout sampling approximate policy iteration
https://link.springer.com/article/10.1007/s10994-008-5070-x,"Stijn Vanderlooy, Eyke Hüllermeier",https://link.springer.com/content/pdf/10.1007%2Fs10994-008-5070-x.pdf,September 2008,"The area under the ROC curve, or AUC, has been widely used to assess the ranking performance of binary scoring classifiers. Given a sample, the metric considers the ordering of positive and negative instances,...",A critical analysis of variants of the AUC
https://link.springer.com/article/10.1007/s10994-007-5041-7,"Rasa Jurgelenaite, Tom Heskes",https://link.springer.com/content/pdf/10.1007%2Fs10994-007-5041-7.pdf,June 2008,"Causal independence modelling is a well-known method for reducing the size of probability tables, simplifying the probabilistic inference and explaining the underlying mechanisms in Bayesian networks. Recently...",Learning symmetric causal independence models
https://link.springer.com/article/10.1007/s10994-007-0716-7,"Peter Grünwald, John Langford",https://link.springer.com/content/pdf/10.1007%2Fs10994-007-0716-7.pdf,March 2007,We show that forms of Bayesian and MDL inference that are often applied to classification problems can be,Suboptimal behavior of Bayes and MDL in classification under misspecification
